voltage_v,current_a
-0.2,-0.000000001
0.0,0.0
0.2,0.00000001
0.4,0.000001
0.6,0.0001
