voltage_v,current_a
0.0,0.0
0.1,0.000000001
0.2,0.00000001
0.3,0.0000001
0.4,0.000001
0.5,0.00001
