vgs_v,vds_v,id_a
1.0,0.0,0.0
1.0,0.5,0.0
1.0,1.0,0.0
2.0,0.0,0.0
2.0,0.5,0.000375
2.0,1.0,0.0005
2.0,2.0,0.0005
3.0,0.0,0.0
3.0,0.5,0.000875
3.0,1.0,0.0015
3.0,2.0,0.002
