vgs_v,ngspice_current_a,python_current_a,current_difference_a
0.0,5.01e-12,0.0,-5.01e-12
0.5,5.01e-12,0.0,-5.01e-12
1.0,5.01e-12,0.0,-5.01e-12
1.5,2.5e-05,2.499999999999922e-05,-7.826584432629735e-19
2.0,0.000225,0.00022499999999999802,-1.9786689647860456e-18
2.5,0.000625,0.0006249999999999974,-2.6020852139652106e-18
3.0,0.001225,0.0012249999999999971,-2.8189256484623115e-18
3.5,0.002025,0.0020249999999999973,-2.6020852139652106e-18
4.0,0.003025,0.0030249999999999977,-2.168404344971009e-18
