voltage_v,ngspice_current_a,python_current_a,current_difference_a
0.0,-7.107248e-40,0.0,7.107248e-40
0.1,1.10893e-09,9.613041120216926e-10,-1.4762588797830744e-10
0.2,1.05998e-08,1.0362882849372821e-08,-2.3691715062717823e-10
0.3,1.02004e-07,1.0231056272429003e-07,3.0656272429002826e-10
0.4,9.97226e-07,1.001561217382074e-06,4.335217382073969e-09
0.5,9.7435e-06,9.796255558795635e-06,5.275555879563381e-08
